name,default,defaultMP,ger,gerMP
_setjmp3,0x007E1894,,0x007E1884,
aaGlobArray,0x008E8690,,0x008E8690,
Actor_GetMethod,0x004FC320,,0x004FC3C0,
AddExpressionListOpcodePos,0x00681B30,,0x00681830,
AddFilePrecache,0x00681B70,,0x00681870,
AddFunction,0x00682040,,0x00681D40,
AddOpcodePos,0x0068A9A0,,0x0068A6A0,
AddRefToObject,-1,,,
AddRefToValue,0x00690160,,0x0068FE60,
AddRefToVector,-1,,,
AddThreadStartOpcodePos,0x0068ABF0,,0x0068A8F0,
AimAssist_ApplyAutoMelee,0x004032C0,,0x004032C0,
AllocChildThread,0x0068FF90,,0x0068FC90,
AllocEntity,0x0068FF10,,0x0068FC10,
AllocObject,-1,,,
AllocThread,-1,,,
AllocValue,0x0068FE20,,0x0068FB20,
AllocVariable,0x0068FCE0,,0x0068F9E0,
AmmoRocketsPos,0x008E4570,,0x008E4570,
Anim_AddTreeSlot,0x0060C8E0,,0x0060C770,
Anim_RegisterByName,0x0060C7F0,,0x0060C680,
Anim_TriggerEvent,0x00412BF0,,0x00412BF0,
AnimAllocCb,0x00610D20,,0x00610BB0,
AnimTreeCompileError,0x0067D4B0,,0x0067D1B0,
AnimTreeParseInternal,0x0067D770,,0x0067D470,
append_node,0x0068BBE0,,0x0068B8E0,
applyAutoMelee_call_nop,0x0040372E,,0x0040372E,
applyAutoMelee_inject,0x00403735,,0x00403735,
aspectRatio_8AFAC0,0x008AFAC0,,0x008AFA80,
AspectRatioFix_hook,0x006D4FA0,,0x006D4C80,
assetPool_limit_48D390,0x0048D390,,0x0048D2E0,
assetPool_patch_rangeEnd,0x0048FA30,,0x0048F980,
assetPool_reloc_48D371,0x0048D371,,0x0048D2C1,
assetPool_reloc_48D382,0x0048D382,,0x0048D2D2,
assetPool_reloc_48D388,0x0048D388,,0x0048D2D8,
assetPool_reloc_48D5B8,0x0048D5B8,,0x0048D508,
assetPool_reloc_48D5E5,0x0048D5E5,,0x0048D535,
assetPool_reloc_48D784,0x0048D784,,0x0048D6D4,
assetPool_reloc_48D7F5,0x0048D7F5,,0x0048D745,
assetPool_reloc_48D848,0x0048D848,,0x0048D798,
assetPool_reloc_48D90F,0x0048D90F,,0x0048D85F,
assetPool_reloc_48DEF4,0x0048DEF4,,0x0048DE44,
assetPool_reloc_48DFB4,0x0048DFB4,,0x0048DF04,
assetPool_reloc_48E059,0x0048E059,,0x0048DFA9,
assetPool_reloc_48E115,0x0048E115,,0x0048E065,
assetPool_reloc_48E1C2,0x0048E1C2,,0x0048E112,
assetPool_reloc_48E1E8,0x0048E1E8,,0x0048E138,
assetPool_reloc_48E292,0x0048E292,,0x0048E1E2,
assetPool_reloc_48E3A6,0x0048E3A6,,0x0048E2F6,
assetPool_reloc_48F378,0x0048F378,,0x0048F2C8,
assetPool_reloc_48F4D4,0x0048F4D4,,0x0048F424,
assetPool_reloc_48F558,0x0048F558,,0x0048F4A8,
assetPool_reloc_48F68C,0x0048F68C,,0x0048F5DC,
assetPool_reloc_48F704,0x0048F704,,0x0048F654,
assetPool_reloc_48F9D4,0x0048F9D4,,0x0048F924,
assetPool_reloc_48FA28,0x0048FA28,,0x0048F978,
BG_FindWeaponIndex,0x0041D470,,0x0041D470,
BG_FindWeaponIndex_Internal,0x0041D4C0,,0x0041D4C0,
BG_GetWeaponIndexForName,0x0040FAA0,,0x0040FAA0,
BG_LoadWeaponByIndex,0x004FE980,,0x004FEA20,
BG_LoadWeaponDef_fieldCount_site,0x00424328,,0x00424328,
BG_LoadWeaponDef_fieldTable_site,0x0042432D,,0x0042432D,
BG_LoadWeaponDef_stride_site,0x00424154,,0x00424154,
BG_RegisterWeapon,0x0041D360,,0x0041D360,
bg_weaponDefs,0x008F6770,,0x008F6770,
BuiltIn_GetMethod,0x005305B0,,0x00530690,
CalcGammaRamp_ignore_hook,0x006D550B,,0x006D51EB,
Cbuf_Add,0x00594200,,0x00594270,
Cbuf_Execute,0x00594660,,0x005946D0,
Cbuf_Init,0x00594440,,0x005944B0,
CG_ApplyViewmodelMoveOfs,0x00465FF0,,0x00466190,
CG_ApplyViewmodelRotOfs,0x004664E0,,0x00466680,
CG_CheckHudObjectiveDisplay,0x00437ACC,,0x00437ACC,
CG_CheckHudObjectiveDisplay_ZombieCheck,0x004379D0,,0x004379D0,
CG_CornerDebugPrint,0x00439160,,0x00439160,
cg_debugInfoCornerOffset,0x03688B44,,0x03688B44,
CG_DrawAmmoClipLowclip_site,0x0044F33E,,0x0044F4DE,
CG_DrawAmmoClipNormal_site,0x0044F2FA,,0x0044F49A,
cg_drawAmmoDivider_ptr1_site,0x0044F3CC,,0x0044F56C,
cg_drawAmmoDivider_ptr2_site,0x0044F418,,0x0044F5B8,
CG_DrawAmmoReserve_site,0x0044F3AA,,0x0044F54A,
cg_drawfps_array_verbose,0x008CFCE8,,0x008CFCE8,
CG_DrawOverheadNames_scale_site,0x0043C0C9,,0x0043C0C9,
cg_fov,0x0368EB70,,0x0368EB70,
cg_fov_flags_site,0x0065EE46,,0x0065EB76,
cg_fov_hook1,0x00402345,,0x00402345,
cg_fov_hook2,0x0042DD6E,,0x0042DD6E,
cg_fov_hook3,0x0042E013,,0x0042E013,
cg_fov_min,0x0339CBE0,,0x0339CBE0,
cg_fov_valuePtr_site,0x0065EE31,,0x0065EB61,
cg_fovMin_flags_site,0x0065EEB6,,0x0065EBE6,
cg_fovscale,0x03688A04,,0x03688A04,
cg_fovScale_flags_site,0x0065EE7C,,0x0065EBAC,
cg_fovscale_hook,0x0042DF29,,0x0042DF29,
cg_gun_minspeed,0x034660B0,,0x034660B0,
cg_gun_move_f,0x03688A88,,0x03688A88,
cg_gun_move_r,0x03688A70,,0x03688A70,
cg_gun_move_rate,0x03466564,,0x03466564,
cg_gun_move_u,0x0368EB98,,0x0368EB98,
cg_gun_ofs_f,0x0368EBB4,,0x0368EBB4,
cg_gun_ofs_r,0x03688A38,,0x03688A38,
cg_gun_ofs_u,0x034660B4,,0x034660B4,
cg_gun_rot_minspeed,0x03688B48,,0x03688B48,
cg_gun_rot_p,0x03688AC4,,0x03688AC4,
cg_gun_rot_r,0x03466118,,0x03466118,
cg_gun_rot_rate,0x03466060,,0x03466060,
cg_gun_rot_y,0x03688A20,,0x03688A20,
cg_gun_x,0x034660EC,,0x034660EC,
cg_gun_y,0x0339B758,,0x0339B758,
cg_gun_z,0x03466074,,0x03466074,
CG_HideSpectateText_site,0x00438706,,0x00438706,
CG_HideSpectateText_skipTarget,0x0043873C,,0x0043873C,
CG_ReloadStartCheck,0x0041EA30,,0x0041EA30,
CG_ReloadStartCheck_ret,0x0041EB9C,,0x0041EB9C,
CG_ScoreboardClientNumber_site,0x00668CC0,,0x006689C0,
CG_ScoreboardSize_site,0x00668A87,,0x00668787,
CG_ScoreboardTextOffset_site,0x006689F8,,0x006686F8,
CG_ScoreboardTextScale_site,0x00668800,,0x00668500,
CG_ViewmodelAnim_Chooser,0x004643A0,,0x00464540,
CG_ViewmodelAnim_SetSlotBlend,0x00464080,,0x00464220,
cgArray,0x034732B8,,0x034732B8,
ch_buf,0x03BE2238,,0x03BE2238,
CheckThreadPosition,0x00683580,,0x00683280,
Cinema_Init,0x00600CC0,,0x00600B50,
Cinema_SetInitialized,0x00600ED0,,0x00600D60,
CL_BeginRegistration,0x0059EB00,,0x0059EBA0,
CL_ClearState,0x0059EA90,,0x0059EB30,
CL_GamepadButtonEvent_callsite,0x005FA48E,,0x005FA30E,
CL_MouseEvent_hook,0x005FA74B,,0x005FA5CB,
cl_paused,0x01F552C4,,0x01F552C4,
ClearArray,0x00692AF0,,0x006927F0,
ClearObject,0x0068F9E0,,0x0068F6E0,
ClearObjectInternal,0x0068F910,,0x0068F610,
ClearVariableField,0x00690450,,0x00690150,
ClearVariableValue,-1,,,
clientStatePtr,0x046DE3B0,,0x046DE3B0,
cmd_argc,0x01F416B4,,0x01F416B4,
cmd_argv,0x01F416D4,,0x01F416D4,
Cmd_Exists,0x00594DB0,,0x00594E20,
cmd_id,0x01F41670,,0x01F41670,
Cmd_Init_callsite,0x0059CF48,,0x0059CFE8,
Com_DvarDump,0x0059FE70,,0x0059FF10,
Com_DvarDump_callsite_ComInit,0x0059D6F4,,0x0059D794,
Com_EnqueueEvent,0x0059B0D0,,0x0059B140,
Com_Error,0x006C1CE0,,0x006C19B0,
Com_EventLoopInit,0x00580B80,,0x00580BF0,
Com_Fatal,0x005FE8C0,,0x005FE750,
Com_FormatMsg,0x005F6D80,,0x005F6C00,
com_frameTime,0x0351DF34,,0x0351DF34,
Com_Init_Pre,0x005941B0,,0x00594220,
Com_InitBuildStr,0x007AA926,,0x007AA926,
Com_InitSessionClient,0x00647710,,0x00647440,
Com_InitSessionFinalize,0x0046FA40,,0x0046F9B0,
Com_InitSessionWork,0x00645860,,0x00645590,
Com_ParseCmdline,0x0059B1E0,,0x0059B250,
Com_PostInit2,0x00644E60,,0x00644B90,
Com_PrintBanner,0x006B47C0,,0x006B4490,
Com_PrintError,0x0059A440,,0x0059A4B0,
Com_Printf,0x0059A2C0,,0x0059A330,
Com_Printf_call_.,0x0057C40F,,0x0057C47F,
Com_Printf_call_1,0x0057C51B,,0x0057C58B,
Com_Printf_call_2,0x0057C82B,,0x0057C89B,
Com_Printf_call_3,0x0057CB94,,0x0057CC04,
Com_Printf_call_4,0x005F9E2F,,0x005F9CAF,
Com_Printf_call_5,0x005FC9CD,,0x005FC84D,
Com_Printf_call_build_version_in_Com_Init_Try_Block_Function,0x0059CF04,,0x0059CFA4,
Com_Printf_call_DebugReportProfileDVars,0x005F9DF2,,0x005F9C72,
Com_Printf_call_download_bandwidth,0x005FC382,,0x005FC202,
Com_Printf_call_failed_log,0x005FC93D,,0x005FC7BD,
Com_Printf_call_g_numFriends,0x0057B15B,,0x0057B1CB,
Com_Printf_call_nulling_friend,0x0057FE59,,0x0057FEC9,
Com_Printf_call_ragdoll,0x005A3C44,,0x005A3CE4,
Com_Printf_call_updating_profile_friend,0x0057FE15,,0x0057FE85,
Com_Printf_call_upload_bandwidth,0x005FC35B,,0x005FC1DB,
Com_PrintMessage,0x0059A170,,0x0059A1E0,
Com_PrintMessage_call_dvar_set,0x005EDA9B,,0x005EDC0B,
Com_SetQueueIndex,0x00596D10,,0x00596D80,
Com_sprintf_call_dvar_set,0x005EDA8C,,0x005EDBFC,
Com_sscanf,0x007AB559,,0x007AB559,
Com_StartupVariables,0x00595200,,0x00595270,
CompareCaseInfo,0x006870E0,,0x00686DE0,
CompileError,0x0068B470,,0x0068B170,
CompileError2,0x0068B600,,0x0068B300,
CompileTransferRefToString,0x0067EC30,,0x0067E930,
con_box_lineCount,0x004727DD,,0x0047272D,
Con_Init,0x00604F70,,0x00604E00,
conDraw,0x0092C370,,0x0092C370,
ConDrawInput_Text,0x00471BC0,,0x00471B30,
ConDrawInput_TextLimitChars,0x00471CB0,,0x00471C20,
ConnectBreakStatements,0x00684AC0,,0x00684780,
ConnectContinueStatements,0x00684B00,,0x006847C0,
ConnectScriptToAnim,0x0067DEC0,,0x0067DBC0,
console_input_version,0x00851208,0x00856380,0x00851270,
consoleVersionWindow_call_site,0x004743D2,0x0048C532,0x00474322,
CopyArray,0x00690770,,0x00690470,
CopyEntity,0x00692F00,,0x00692C00,
cornerDebug_color,0x008397F0,,0x00839800,
cornerDebug_font,0x00840FF0,,0x00841000,
crashland_test_hook,0x004153A5,,0x004153A5,
CScr_GetEntityField,0x00671410,,0x00671110,
CScr_GetFunction,0x0066EA30,,0x0066E730,
CScr_GetFunction_callsite,0x00682DC0,,0x00682AC0,
CScr_GetMethod,0x00671110,,0x00670E10,
CScr_GetMethod_callsite,0x0068305C,,0x00682D5C,
CScr_GetObjectField,-1,,,
CScr_SetEntityField,0x00671470,,0x00671170,
CScr_SetObjectField,-1,,,
DB_AddZonesToQueue,0x0048E4C0,,0x0048E410,
DB_AllocAssetHeader,0x0048D2A0,,0x0048D1F0,
DB_AllocXAssetEntry,0x0048D3B0,,0x0048D300,
db_assetPool_image,0x03BF6984,,0x03BF6984,
db_assetPool_sound,0x03BED87C,,0x03BED87C,
db_assetPool_soundCurve,0x045C22D0,,0x045C22D0,
db_assetPool_type5,0x021AB318,,0x021AB318,
DB_CheckPendingComplete,0x0048E560,,0x0048E4B0,
DB_CleanupAssetRefs,0x0048F670,,0x0048F5C0,
DB_EnumXAssets,0x006DA180,,0x006D9E50,
DB_EnumXAssets_FastFile,0x0048DEA0,,0x0048DDF0,
DB_FatalError,0x0059AC50,,0x0059ACC0,
DB_FindDefaultAsset,0x0048D7D0,,0x0048D720,
DB_FindXAssetByName,0x0048D760,,0x0048D6B0,
DB_FindXAssetHeader,0x0048DA30,,0x0048D980,
DB_FreeXZoneMemory,0x005F5540,,0x005F53C0,
DB_GetXAssetSizeHandler,0x008DCC18,,0x008DCC18,
DB_HashAssetName,0x0048D410,,0x0048D360,
db_hashTable,0x00987088,,0x00987088,
DB_InitAssetEntryPool,0x0048D340,,0x0048D290,
DB_InUseHandlerDispatch,0x0048CC10,,0x0048CB60,
DB_LinkXAssetEntry,0x0048D860,,0x0048D7B0,
DB_LinkXAssetEntryOverrideAware,0x0048DFF0,,0x0048DF40,
DB_LoadMapZones,0x0059E050,,0x0059E0F0,
DB_LoadXAssets,0x0048E7B0,,0x0048E700,
DB_NotifyRendererAssetChange,0x007126C0,,0x00712190,
DB_OpenZoneFile,0x0048EE10,,0x0048ED60,
DB_PostFlushBeginRegistration,0x0048FB00,,0x0048FA50,
DB_PostLoadXZone,0x005A3320,,0x005A33C0,
DB_PostUnloadCleanup,0x0048F9B0,,0x0048F900,
DB_PreFlushClearScene,0x0048F980,,0x0048F8D0,
DB_PreUnloadResources,0x0048F8D0,,0x0048F820,
DB_PrintError,0x0059A380,,0x0059A3F0,
DB_ProcessZoneQueue,0x0048F260,,0x0048F1B0,
DB_PromoteHelper,0x0048D6D0,,0x0048D620,
DB_RecordMissingAsset,0x0048D460,,0x0048D3B0,
DB_RegisterDvars,0x005FEDE0,,0x005FEC70,
DB_ReloadAssets,0x005FC640,,0x005FC4C0,
DB_RemoveZoneEntry,0x0048F7D0,,0x0048F720,
db_streamDecompBytesDone,0x009571A4,,0x009571A4,
db_streamDecompBytesTotal,0x0095740C,,0x0095740C,
db_streamEnabled,0x00957404,,0x00957404,
db_streamReadBlocksDone,0x00957408,,0x00957408,
db_streamReadBlocksTotal,0x00957400,,0x00957400,
DB_SyncAssets,0x0041D3A0,,0x0041D3A0,
DB_UnloadAllZones,0x0048F720,,0x0048F670,
DB_UnloadZoneAssets,0x0048F340,,0x0048F290,
DB_WaitForPendingLoads,0x005FDBF0,,0x005FDA70,
DB_WaitForWorkerEvent,0x005A32B0,,0x005A3350,
DB_WarnMissingAsset,0x0048D980,,0x0048D8D0,
DB_XAssetAllocHandlers,0x008DC708,,0x008DC708,
DB_XAssetDefaultNames,0x008DC8B8,,0x008DC8B8,
DB_XAssetFreeHandlers,0x008DC798,,0x008DC798,
DB_XAssetGetNameHandlers,0x008DCAF8,,0x008DCAF8,
DB_XAssetOverridePromoters,0x008DC9D8,,0x008DC9D8,
DB_XAssetPool,0x008DC828,,0x008DC828,
DB_XAssetSetNameHandlers,0x008DCB88,,0x008DCB88,
DB_XAssetUnloadHandlers,0x008DC948,,0x008DC948,
DB_ZoneEntryCleanup,0x0048F600,,0x0048F550,
debug_print_hook,0x00439613,,0x00439613,
dedicated,0x0212B2F4,,0x0212B2F4,
DedicatedInit,0x00644F40,,0x00644C70,
developer,0x01F55288,,0x01F55288,
developer_script,0x01F9646C,,0x01F9646C,
DisablePushPlayer_hook,0x004DDA72,,0x004DD9E2,
Display_MouseMove,0x005CAA30,,0x005CAC50,
DoubleTap20_Bullet_Fire_hook,0x004E6868,,0x004E68D8,
DoubleTap20_Bullet_Impact_hook,0x00469557,,0x004695D7,
Draw_G_Ents_callsite,0x00439C2D,,0x00439C2D,
draw_scoreboard_new1_hook,0x006680D4,,0x00667DD4,
drawDetailedDvarMatch_callsite,0x0047294C,,0x0047289C,
duplicate_call_serverthread,0x00636686,,0x006363B6,
dvar_cg_scoreboardTextOffset,0x0368FC14,,0x0368FC14,
dvar_comLogVerbose,0x01F964B4,,0x01F964B4,
dvar_comRecommendedSet,0x01F96490,,0x01F96490,
dvar_debugCurves,0x021ACF28,,0x021ACF28,
Dvar_FindMalleableVar,0x005EDE30,,0x005EDFA0,
Dvar_FindVar,0x005EA880,,0x005EAA20,
Dvar_ForEach,0x0059C840,,0x0059C8E0,
dvar_g_testForDpadItem,0x01F552A4,,0x01F552A4,
Dvar_Init,0x0059C8B0,,0x0059C950,
Dvar_Modified,0x0059C7C0,,0x0059C860,
Dvar_PushToConfig,0x005EF550,,0x005EF6C0,
Dvar_RegisterBool,0x005EEE20,0x005C5190,0x005EEF90,
Dvar_RegisterEnum,0x005EF150,,0x005EF2C0,
Dvar_RegisterFloat,0x005EEF10,,0x005EF080,
Dvar_RegisterInt,0x005EEEA0,,0x005EF010,
Dvar_RegisterString,0x005EED90,,0x005EEF00,
dvar_singlethreadRender,0x01F552FC,,0x01F552FC,
dvar_sv_running,0x01F96494,,0x01F96494,
dvar_zombiemode,0x030520E4,,0x030520E4,
dword_18F6DB8,0x018F6DB8,,0x018F6DB8,
e,0x018F5D98,,0x018F5D98,
EmitAnim,0x00680860,,0x00680560,
EmitAnimation,0x00681050,,0x00680D50,
EmitAnimObject,0x00680B40,,0x00680840,
EmitAnimTree,0x0067F4C0,,0x0067F1C0,
EmitArrayPrimitiveExpressionRef,0x00684900,,0x006845C0,
EmitArrayVariable,0x00681840,,0x00681540,
EmitArrayVariableRef,0x006818C0,,0x006815C0,
EmitAssignmentStatement,0x00684C40,,0x00684900,
EmitBinaryEqualsOperatorExpression,0x00684460,,0x00684160,
EmitBoolAndExpression,0x00684090,,0x00683D90,
EmitBoolComplement,0x00680360,,0x00680060,
EmitBoolNot,0x00680270,,0x0067FF70,
EmitBoolOrExpression,0x00683F00,,0x00683C00,
EmitBreakStatement,0x006879F0,,0x006876F0,
EmitByte,0x0067F2F0,,0x0067EFF0,
EmitCall,0x00682CA0,,0x006829A0,
EmitCallBuiltinMethodOpcode,0x00682C40,,0x00682940,
EmitCallBuiltinOpcode,0x00682BD0,,0x006828D0,
EmitCallExpression,0x00683640,,0x00683340,
EmitCallExpressionFieldObject,0x00683690,,0x00683390,
EmitCallExpressionStatement,0x00684CD0,,0x00684990,
EmitCanonicalString,0x0067EBB0,,0x0067E8B0,
EmitCaseStatement,0x00687100,,0x00686E00,
EmitCaseStatementInfo,0x00687990,,0x00687690,
EmitCastBool,0x00680180,,0x0067FE80,
EmitCastFieldObject,0x00681720,,0x00681420,
EmitClearArray,0x00680E50,,0x00680B50,
EmitClearArrayVariable,0x00681930,,0x00681630,
EmitClearFieldVariable,0x00681200,,0x00680F00,
EmitClearVariableExpression,0x00684B40,,0x00684800,
EmitCodepos,0x0067F290,,0x0067EF90,
EmitContinueStatement,0x00687B90,,0x00687890,
EmitCreateLocalVars,0x0067F730,,0x0067F430,
EmitDecStatement,0x00686690,,0x00686390,
EmitDecTop,0x00681630,,0x00681330,
EmitDeveloperStatementList,0x006885A0,,0x006882A0,
EmitDeveloperThread,0x00688B00,,0x00688800,
EmitEmptyArray,0x00680F50,,0x00680C50,
EmitEnd,0x0067F0C0,,0x0067EDC0,
EmitEndOnStatement,0x00686F90,,0x00686C90,
EmitExpression,0x00684750,,0x00684410,
EmitExpressionList,0x00681AD0,,0x006817D0,
EmitExpressionListFieldObject,0x00683AF0,,0x006837F0,
EmitFieldVariable,0x006811C0,,0x00680EC0,
EmitFormalParameterList,0x006886A0,,0x006883A0,
EmitForStatement,0x00685DF0,,0x00685AB0,
EmitFunction,0x00681C30,,0x00681930,
EmitGame,0x00680760,,0x00680460,
EmitGameRef,0x00680D60,,0x00680A60,
EmitGetFloat,0x0067F470,,0x0067F170,
EmitGetFunction,0x00681F30,,0x00681C30,
EmitGetInteger,0x0067F320,,0x0067F020,
EmitGetIString,0x0067FF30,,0x0067FC30,
EmitGetString,0x0067FEE0,,0x0067FBE0,
EmitGetVector,0x0067FF80,,0x0067FC80,
EmitIfElseStatement,0x006851D0,,0x00684E90,
EmitIfStatement,0x00684FB0,,0x00684C70,
EmitInclude,0x00688DD0,,0x00688AD0,
EmitIncStatement,0x00686570,,0x00686230,
EmitLevel,0x00680660,,0x00680360,
EmitLevelObject,0x00680A50,,0x00680750,
EmitLocalVariable,0x00680C30,,0x00680930,
EmitLocalVariableRef,0x00680CA0,,0x006809A0,
EmitMethod,0x00682F40,,0x00682C40,
EmitNOP2,0x0067F9A0,,0x0067F6A0,
EmitNormalThread,0x00688A70,,0x00688770,
EmitNotifyStatement,0x00686D30,,0x00686A30,
EmitObject,0x00681310,,0x00681010,
EmitOpcode,0x0067ECA0,,0x0067E9A0,
EmitOrEvalBinaryOperatorExpression,0x00684350,,0x00684050,
EmitOrEvalExpression,0x00684590,,0x00684250,
EmitOrEvalPrimitiveExpression,0x00683CF0,,0x006839F0,
EmitOrEvalPrimitiveExpressionList,0x006838D0,,0x006835D0,
EmitPostFunctionCall,0x00682AE0,,0x006827E0,
EmitPostScriptFunction,0x006820B0,,0x00681DB0,
EmitPostScriptFunctionCall,0x00682950,,0x00682650,
EmitPostScriptFunctionPointer,0x006822F0,,0x00681FF0,
EmitPostScriptThread,0x00682500,,0x00682200,
EmitPostScriptThreadCall,0x006829A0,,0x006826A0,
EmitPostScriptThreadPointer,0x00682730,,0x00682430,
EmitPreFunctionCall,0x006829F0,,0x006826F0,
EmitPrimitiveExpressionFieldObject,0x006849A0,,0x00684660,
EmitProfStatement,0x00687D30,,0x00687A30,
EmitRemoveLocalVars,0x0067F880,,0x0067F580,
EmitReturn,0x0067F1A0,,0x0067EEA0,
EmitReturnStatement,0x00684D20,,0x006849E0,
EmitSafeSetVariableField,0x0067FD50,,0x0067FA50,
EmitSafeSetWaittillVariableField,0x0067FDC0,,0x0067FAC0,
EmitSelf,0x00680560,,0x00680260,
EmitSelfObject,0x00680960,,0x00680660,
EmitShort,0x0067F2C0,,0x0067EFC0,
EmitSize,0x00680450,,0x00680150,
EmitStatement,0x00687DB0,,0x00687AB0,
EmitStatementList,0x00688470,,0x00688170,
EmitSwitchStatement,0x006875F0,,0x006872F0,
EmitSwitchStatementList,0x006871A0,,0x00686EA0,
EmitThread,0x00688C40,,0x00688940,
EmitThreadInternal,0x006888D0,,0x006885D0,
EmitThreadList,0x00688D40,,0x00688A40,
EmitValue,0x00680050,,0x0067FD50,
EmitVariableExpression,0x00681990,,0x00681690,
EmitVariableExpressionRef,0x00684790,,0x00684450,
EmitWaitStatement,0x00684D80,,0x00684A40,
EmitWaittillFrameEnd,0x00684EB0,,0x00684B70,
EmitWaittillmatchStatement,0x00686A60,,0x00686760,
EmitWaittillStatement,0x00686810,,0x00686510,
EmitWhileStatement,0x00685760,,0x00685420,
EndFrame,0x006FBF30,,0x006FBA00,
entityArray_end,0x0184A6F0,,0x0184A6F0,
entityInit_loopBound,0x0184A780,,0x0184A780,
error_message_buff,0x03BE1E30,,0x03BE1E30,
EvalBinaryOperatorExpression,0x00684220,,0x00683F20,
EvalExpression,0x00684540,,0x00684200,
EvalPrimitiveExpression,0x00683B50,,0x00683850,
EvalPrimitiveExpressionList,0x006837C0,,0x006834C0,
EventList_GetEntry,0x00406D00,,0x00406D00,
fclose_hook_site,0x007AD03A,,0x007AD03A,
fclose_nolock,0x007ACF6E,,0x007ACF6E,
FindArrayVariable,0x00690210,,0x0068FF10,
FindArrayVariableIndex,-1,,,
FindEntityId,0x006924C0,,0x006921C0,
FindFirstSibling,-1,,,
FindLastSibling,0x0068BCA0,,0x0068B9A0,
FindNextSibling,-1,,,
FindObject,-1,,,
FindObjectVariable,-1,,,
FindVariable,0x00690260,,0x0068FF60,
FindVariableIndexInternal,-1,,,
FindVariableIndexInternal2,0x0068BC20,,0x0068B920,
firstHunkTable,0x01F3FAB8,,0x01F3FAB8,
fix_health_sets_max_hook,0x005309C0,,0x00530AA0,
fix_tesla_bug_hook,0x004F5EE2,,0x004F5F82,
flt_255,0x008AF224,,0x008AF1E4,
flt_zero_8B7B30,0x008B7B30,,0x008B7AF0,
fn,0x005F6D00,,0x005F6B80,
fopen_hook_site,0x007AC7B1,,0x007AC7B1,
fovcomp_backport_eip,0x00469CE8,,0x00469D68,
fovcomp_backport_hook,0x00469CD6,,0x00469D56,
FreeChildValue,0x0068F800,,0x0068F500,
FreeValue,0x0068FFD0,,0x0068FCD0,
FreeVariable,0x0068FDC0,,0x0068FAC0,
FS_AddUserMapDir,0x005DD8A0,,0x005DDA70,
fs_basepath,0x02123C14,,0x02123C14,
fs_game,0x02122B00,,0x02122B00,
FS_InitFilesystem,0x00477EC0,,0x00477E10,
FS_InitFilesystem2,0x004753A0,,0x004752F0,
fs_localAppData,0x02122AF0,,0x02122AF0,
FS_Startup,0x00475260,,0x004751B0,
fsopen,0x007AC6ED,,0x007AC6ED,
g_18ECF8C,0x018ECF8C,,0x018ECF8C,
g_1F5529C,0x01F5529C,,0x01F5529C,
g_1F9648C_initMs,0x01F9648C,,0x01F9648C,
g_1F964B0_done,0x01F964B0,,0x01F964B0,
g_1FF5014,0x01FF5014,,0x01FF5014,
g_1FF5018,0x01FF5018,,0x01FF5018,
g_3BED828_mapRects,0x03BED828,,0x03BED828,
g_3BED830_mapW,0x03BED830,,0x03BED830,
g_3BED834_mapH,0x03BED834,,0x03BED834,
g_3BED85C_mapReady,0x03BED85C,,0x03BED85C,
g_3BF6768_sunQuery,0x03BF6768,,0x03BF6768,
g_3DCB4DC_fontDefault,0x03DCB4DC,,0x03DCB4DC,
g_46E50B0_netUp,0x046E50B0,,0x046E50B0,
g_46E5110,0x046E5110,,0x046E5110,
g_46E54F6,0x046E54F6,,0x046E54F6,
g_46E5688,0x046E5688,,0x046E5688,
g_48AE4D4_inCgame,0x048AE4D4,,0x048AE4D4,
g_48AE4D8,0x048AE4D8,,0x048AE4D8,
g_4DA8F4C_whiteMat,0x04DA8F4C,,0x04DA8F4C,
g_4DA8F50_consoleMat,0x04DA8F50,,0x04DA8F50,
g_4DA8F54_consoleFont,0x04DA8F54,,0x04DA8F54,
g_4DA90B0_viewportSet,0x04DA90B0,,0x04DA90B0,
g_4DA90B8,0x04DA90B8,,0x04DA90B8,
g_4DA90C4_connState,0x04DA90C4,,0x04DA90C4,
g_8DD570,0x008DD570,,0x008DD570,
g_951A14,0x00951A14,,0x00951A14,
g_951A18_msaaCfg,0x00951A18,,0x00951A18,
g_951A1C_ready,0x00951A1C,,0x00951A1C,
g_957318_viewport2,0x00957318,,0x00957318,
g_957360_viewport3,0x00957360,,0x00957360,
g_9573A8_viewport1,0x009573A8,,0x009573A8,
g_assetEntryPool,0x00A51C50,,0x00A51C50,
g_assetNames,0x008DCA68,,0x008DCA68,
g_assetRefCount,0x046DEB28,,0x046DEB28,
g_assetsDirty,0x045C22C5,,0x045C22C5,
g_cmdListHead,0x01F416F4,,0x01F416F4,
g_comInitDone,0x00951A02,,0x00951A02,
g_copyInfo,0x00AD1DD8,,0x00AD1DD8,
g_copyInfoCount,0x00957E8C,,0x00957E8C,
g_currentZoneIndex,0x00987084,,0x00987084,
g_d3dDevice,0x0463E490,,0x0463E490,
G_Damage_PHD_test_hook,0x004F61B9,,0x004F6259,
g_dbAltThreadId,0x01FF51C8,,0x01FF51C8,
g_dbFlag3BED85D,0x03BED85D,,0x03BED85D,
g_dbHasLoadedZones,0x046DE3B6,,0x046DE3B6,
g_dbInitialized,0x046DE3B7,,0x046DE3B7,
g_dbInUse,0x009BD455,,0x009BD455,
g_dbPauseEventHandle,0x01FF5068,,0x01FF5068,
g_dbPtr99724C,0x0099724C,,0x0099724C,
g_dbReaderCount,0x00BF0084,,0x00BF0084,
g_dbSecondaryEvent,0x01FF51C4,,0x01FF51C4,
g_dbSecondaryThreadId,0x01FF51CC,,0x01FF51CC,
g_dbWorkerEvent,0x01FF5250,,0x01FF5250,
g_dbWorkerPausedFlag,0x01FF5244,,0x01FF5244,
g_dbWorkerThreadId,0x01FF51F8,,0x01FF51F8,
g_dbWriterCount,0x00BF0088,,0x00BF0088,
g_debugCurvesFlag,0x021ACF2C,,0x021ACF2C,
g_defaultSfxBankCount,0x01FF51C0,,0x01FF51C0,
g_dummyVal,0x03BE6254,,0x03BE6254,
g_EndPos,0x046E54C3,,0x046E54C3,
g_entities,0x0176C6F0,,0x0176C6F0,
g_entityBasePtr,0x018F5D8C,,0x018F5D8C,
g_eventSysName,0x0488BE40,,0x0488BE40,
g_eventSysPool,0x0488BE60,,0x0488BE60,
g_eventSysVer,0x0488BE5C,,0x0488BE5C,
g_flagsX21ACF30,0x021ACF30,,0x021ACF30,
g_freeAssetEntries,0x00957884,,0x00957884,
g_hunkBaseRel,0x0224FAE4,,0x0224FAE4,
g_hunkEntryTable,0x0224FAF0,,0x0224FAF0,
g_hunkIndex,0x0224FAE8,,0x0224FAE8,
g_hunkLimit,0x0224FAEC,,0x0224FAEC,
g_inuseEntry,0x00957564,,0x00957564,
g_inuseHeader,0x009575E8,,0x009575E8,
g_ioRingBase,0x0488E874,,0x0488E874,
g_ioRingEnd,0x048AB374,,0x048AB374,
g_lastErrorBuf,0x01F95458,,0x01F95458,
g_out_pos,0x03BE625C,,0x03BE625C,
g_parse_user,0x0234F72E,,0x0234F72E,
g_pendingZoneCount,0x00957314,,0x00957314,
g_pmem_pools,0x0224F9D8,,0x0224F9D8,
g_poolSize,0x008DC5D0,,0x008DC5D0,
g_queueSlot0,0x03058404,,0x03058404,
g_renderSyncRecursion,0x03BED864,,0x03BED864,
g_script_error,0x03BDCD40,,0x03BDCD40,
g_script_error_level,0x03BDDDC0,,0x03BDDDC0,
g_scrOutParamCount,0x0A05ACA0,,0x0A05ACA0,
g_scrOutParamStackPtr,0x0A05AC98,,0x0A05AC98,
g_scrVarStack,0x03BD4710,,0x03BD4710,
g_shortVersionDvar,0x01F552F8,,0x01F552F8,
g_smpWorkerThreads,0x042B71A4,,0x042B71A4,
g_sourcePos,0x03BE623C,,0x03BE623C,
g_syncValue,0x00A51C4C,,0x00A51C4C,
g_versionDvar,0x01F552D8,,0x01F552D8,
g_waitStartTime,0x022BEC34,,0x022BEC34,
g_waitTimerStarted,0x04DE7054,,0x04DE7054,
g_zoneCount,0x00986B3C,,0x00986B3C,
g_zoneFileNames,0x00D04CB0,,0x00D04CB0,
g_zoneLoaded,0x00B54C00,,0x00B54C00,
g_zoneLoadQueue,0x009592B8,,0x009592B8,
g_zonesToLoad,0x00A51A44,,0x00A51A44,
gCaseCount,0x03882B54,,0x03882B54,
GEntityPool_hook,0x0062B969,,0x0062B699,
GetAnimTreeParseProperties,0x0067D510,,0x0067D210,
GetArray,0x00690D50,,0x00690A50,
GetArraySize,-1,,,
GetArrayVariable,-1,,,
GetArrayVariableIndex,0x006902A0,,0x0068FFA0,
GetDummyFieldValue,0x00693E30,,0x00693B30,
GetDummyObject,0x00693DE0,,0x00693AE0,
GetEntityFieldValue,0x0069ACE0,,0x0069A9E0,
GetHashCode,0x0068D9A0,,0x0068D6A0,
GetInternalVariableIndex,-1,,,
GetNewArrayVariable,-1,,,
GetNewArrayVariableIndex,-1,,,
GetNewObjectVariable,0x00690610,,0x00690310,
GetNewObjectVariableReverse,-1,,,
GetNewVariable,0x00690570,,0x00690270,
GetNewVariableIndexInternal,-1,,,
GetNewVariableIndexInternal2,0x0068F4A0,,0x0068F1A0,
GetNewVariableIndexInternal3,0x0068F090,,0x0068ED90,
GetNewVariableIndexReverseInternal,-1,,,
GetNewVariableIndexReverseInternal2,0x0068F560,,0x0068F260,
GetObject,0x00690CF0,,0x006909F0,
GetObjectType,-1,,,
GetObjectVariable,0x006905B0,,0x006902B0,
GetParentLocalId,-1,,,
GetRefString,-1,,,
GetRefString_0,-1,,,
GetRefVariableStackBuffer,-1,,,
GetRefVector,-1,,,
GetSafeParentLocalId,0x0068FAA0,,0x0068F7A0,
GetStartLocalId,0x0068FAD0,,0x0068F7D0,
GetValueType,-1,,,
GetVariable,0x00690510,,0x00690210,
GetVariableIndexInternal,-1,,,
GetVariableKeyObject,-1,,,
GetVariableValueAddress,-1,,,
gFs,0x03BDDDD0,,0x03BDDDD0,
gInst,0x03BE624C,,0x03BE624C,
g_mem_5F5492,0x005F5492,,0x005F5312,
g_mem_5F54D1,0x005F54D1,,0x005F5351,
g_mem_5F54DB,0x005F54DB,,0x005F535B,
gOpcode,0x03BDDDC8,,0x03BDDDC8,
GScr_AllocString,0x0068E770,,0x0068E470,
gScrAnimGlob,0x036BF320,,0x036BF320,
gScrAnimPub,0x036BF738,,0x036BF738,
gScrClassMap,0x008CF568,,0x008CF568,
gScrCompileGlob,0x03701FE0,,0x03701FE0,
gScrCompilePub,0x036BFF70,,0x036BFF70,
gScrExecuteTime,0x03882B4C,,0x03882B4C,
gScrMemTreeGlob,0x03702400,,0x03702400,
gScrMemTreePub,0x03702390,,0x03702390,
gScrParserGlob,0x03702398,,0x03702398,
gScrParserPub,0x03882B00,,0x03882B00,
gScrStringGlob,0x038B2C00,,0x038B2C00,
gScrVarGlob,0x03914700,,0x03914700,
gScrVarPub,0x03882B70,,0x03882B70,
gScrVmGlob,0x03BDDDF8,,0x03BDDDF8,
gScrVmPub,0x03BD4700,,0x03BD4700,
GSpawn_alloc_eip,0x0054EAF2,,0x0054EBB2,
GSpawn_cmp_patch,0x0054EAC3,,0x0054EB83,
GSpawn_error_eip,0x0054EAC9,,0x0054EB89,
GSpawn_limit_hook,0x0054EAC1,,0x0054EB81,
gThreadCount,0x03882B5C,,0x03882B5C,
HandleCfg,0x005FB560,,0x005FB3E0,
health_sets_max_resume,0x005309C6,,0x00530AA6,
Helicopter_GetMethod,0x00541F80,,0x00542040,
hudClipAmmo_scalePtr_site,0x0042B81F,,0x0042B81F,
hudDrawClipAmmoBeltfed_site,0x0042BE13,,0x0042BE13,
hudDrawClipAmmoMagazine_site,0x0042B814,,0x0042B814,
hudDrawClipAmmoRockets_site,0x0042BC10,,0x0042BC10,
hudDrawClipAmmoShortMagazine_site,0x0042B954,,0x0042B954,
hudDrawClipAmmoShotgunShells_site,0x0042BACA,,0x0042BACA,
HudElem_GetMethod,0x00532BA0,,0x00532C80,
hudShortMagazine_scalePtr_site,0x0042B95F,,0x0042B95F,
hudShotgunShells_scalePtr_site,0x0042BAD5,,0x0042BAD5,
Hunk_BeginRegistration,0x004B3090,,0x004B2EF0,
Hunk_ClearTempMemory,0x004B2F80,,0x004B2DE0,
Hunk_InitMemory,0x005F5480,,0x005F5300,
hunk_tempMemoryMark,0x016D7AD0,,0x016D7AD0,
hunk_total,0x005E3CD7,,0x005E3E77,
hunk_total_patchsite,0x005E3CD1,,0x005E3E71,
ib_capacity_patch,0x0070ECF8,,0x0070E7C8,
ib_createSize_patch,0x0070EDA6,,0x0070E876,
ib_errorSize_patch,0x0070EE1E,,0x0070E8EE,
imgBuf_patch_rangeEnd,0x00742012,,0x007422A2,
imgBuf_patch_rangeStart,0x006D69E0,,0x006D66C0,
imgBuf_reloc_6D69EB,0x006D69EB,,0x006D66CB,
imgBuf_reloc_6DC964,0x006DC964,,0x006DC634,
imgBuf_reloc_6DCA8C,0x006DCA8C,,0x006DC75C,
imgBuf_reloc_6E993D,0x006E993D,,0x006E940D,
imgBuf_reloc_705784,0x00705784,,0x00705254,
imgBuf_reloc_70579F,0x0070579F,,0x0070526F,
imgBuf_reloc_719F52,0x00719F52,,0x00719A52,
imgBuf_reloc_719F6D,0x00719F6D,,0x00719A6D,
imgBuf_reloc_741C11,0x00741C11,,0x00741EA1,
imgBuf_reloc_741C98,0x00741C98,,0x00741F28,
imgBuf_reloc_741EB7,0x00741EB7,,0x00742147,
imgBuf_reloc_74200E,0x0074200E,,0x0074229E,
imgCnt_reloc_6E990F,0x006E990F,,0x006E93DF,
imgCnt_reloc_6E9936,0x006E9936,,0x006E9406,
imgCnt_reloc_6E9942,0x006E9942,,0x006E9412,
imgCnt_reloc_6E995A,0x006E995A,,0x006E942A,
imgCnt_reloc_6E9D3C,0x006E9D3C,,0x006E980C,
imgCnt_reloc_705793,0x00705793,,0x00705263,
imgCnt_reloc_705799,0x00705799,,0x00705269,
imgCnt_reloc_719F61,0x00719F61,,0x00719A61,
imgCnt_reloc_719F67,0x00719F67,,0x00719A67,
IncInParam,-1,,,
ingame_console_enable,0x004781FE,0x00494C5C,0x0047814E,
InitThread,0x00688A00,,0x00688700,
intro_video_call,0x0059D68B,,0x0059D72B,
IsFieldObject,-1,,,
IsValidArrayIndex,-1,,,
IsWeaponInputBlocked,0x00421FF0,,0x00422030,
jmp_onlinegame_dvar_check,0x006680D2,,0x00667DD2,
Key_FormatIntroSeconds,0x0044B7E0,,0x0044B980,
language_system,0x022BA528,,0x022BA528,
linked_list_end,0x0068BB60,,0x0068B860,
LinkFile,0x006833F0,,0x006830F0,
LinkThread,0x00683250,,0x00682F50,
Load_CodePostGFX,0x006D5728,,0x006D5408,
Load_Mod,0x006D5672,,0x006D5352,
loadedImpureScript,0x022C1352,,0x022C1352,
loc_language,0x0208B2EC,,0x0208B2EC,
LocalizeInit,0x005DE600,,0x005DE7D0,
logfile,0x01F552BC,,0x01F552BC,
longjmp,0x007AD57C,,0x007AD57C,
LowerCase,0x0069AEA0,,0x0069ABA0,
lvl_free_msg,0x0084D5A0,,0x0084D5B0,
MakeVariableExternal,0x0068F620,,0x0068F320,
Mark_ScriptStringCustom,0x0068DE10,,0x0068DB10,
Material_Register_ST,0x006E9B80,,0x006E9650,
Material_RegisterHandle,0x006E9C00,,0x006E96D0,
Mem_Memset,0x007AFF40,,0x007AFF40,
monkeytoy,0x0092C2AC,,0x0092C2AC,
mp_optimalSettingsPopup_nop_site,,0x005CF675,,
mp_safeModeCheck_site,,0x005D03E6,,
MT_AddMemoryNode,0x0068A0E0,,0x00689DE0,
MT_Alloc,0x0068A7D0,,0x0068A4D0,
MT_AllocIndex,0x0068A630,,0x0068A330,
MT_DumpTree,0x00689F40,,0x00689C40,
MT_Error,0x0068A580,,0x0068A280,
MT_Free,0x0068A800,,0x0068A500,
MT_FreeIndex,0x0068A750,,0x0068A450,
MT_GetScore,0x0068A080,,0x00689D80,
MT_GetSize,0x0068A5D0,,0x0068A2D0,
MT_GetSubTreeSize,0x00689EF0,,0x00689BF0,
MT_Init,0x0068A4F0,,0x0068A1F0,
MT_InitBits,0x0068A010,,0x00689D10,
MT_Realloc,-1,,,
MT_RemoveHeadMemoryNode,0x0068A3E0,,0x0068A0E0,
MT_RemoveMemoryNode,0x0068A280,,0x00689F80,
NET_RegisterDvars,0x00677E90,,0x00677B90,
NetChan_Init,0x005E4650,,0x005E47F0,
node0,0x0068B900,,0x0068B600,
node1,0x0068B920,,0x0068B620,
node2,0x0068B950,,0x0068B650,
node3,0x0068B980,,0x0068B680,
node4,0x0068B9C0,,0x0068B6C0,
node5,0x0068BA00,,0x0068B700,
node6,0x0068BA50,,0x0068B750,
node7,0x0068BAA0,,0x0068B7A0,
node8,0x0068BB00,,0x0068B800,
numGEntities,0x018F5D94,,0x018F5D94,
onlinegame_dvar_check_hook,0x006680CE,,0x00667DCE,
Path_NearestNodeNotCrossPlanes_hook,0x0055C210,,0x0055C280,
Path_NearestNodeNotCrossPlanes_resume,0x0055C4C0,,0x0055C530,
Path_NodesInCylinder,0x0055A1E0,,0x0055A250,
pc_newversionavailable_check,0x005FD91B,,0x005FD79B,
Player_GetMethod,0x004DEEA0,,0x004DEE10,
PlayerCmd_GiveMaxAmmo_hook,0x004EE157,,0x004EE1C7,
PM_CheckAds,0x0041DD10,,0x0041DD10,
PM_Weapon,0x00422160,,0x004221A0,
PM_Weapon_AdsBlendReset,0x00419F20,,0x00419F20,
PM_Weapon_AnimCmdState_Resync,0x0041FF60,,0x0041FF60,
PM_Weapon_AnimCmdStateInit,0x0041FF20,,0x0041FF20,
PM_Weapon_AnimSyncCleanup,0x00421110,,0x00421110,
PM_Weapon_CanForceFire,0x00421A30,,0x00421A70,
PM_Weapon_CheckFastReload,0x0041F410,,0x0041F410,
PM_Weapon_DefaultGate,0x00420530,,0x00420530,
PM_Weapon_DetonateCheck,0x00421A80,,0x00421AC0,
PM_Weapon_DetonateTransition,0x00421BC0,,0x00421C00,
PM_Weapon_DispatchAnimHandler,0x0041DE50,,0x0041DE50,
PM_Weapon_FinalGate,0x0041E700,,0x0041E700,
PM_Weapon_FinalizeStateExit,0x004225D0,,0x00421210,
PM_Weapon_FireRefresh,0x00421940,,0x00421980,
PM_Weapon_FireSwitchEvent,0x00420E70,,0x00420E70,
PM_Weapon_GetInputMask,0x00420500,,0x00420500,
PM_Weapon_HasAnimSync,0x0041FED0,,0x0041FED0,
PM_Weapon_IsLocked,0x00420CC0,,0x00420CC0,
PM_Weapon_OffhandSelect,0x0041E5E0,,0x0041E5E0,
PM_Weapon_OffhandStateBridge,0x00421B40,,0x00421B80,
PM_Weapon_ProcessAttackInput,0x00420A60,,0x00420A60,
PM_Weapon_RefreshReload,0x0041F4E0,,0x0041F4E0,
PM_Weapon_ReloadFinalize,0x0041E940,,0x0041E940,
PM_Weapon_Reloading,0x0041F780,,0x0041F780,
PM_Weapon_ReloadStart,0x0041F630,,0x0041F630,
PM_Weapon_SetVmAnimState,0x0041D440,,0x0041D440,
PM_Weapon_SubmitAnimEvent,0x0041D420,,0x0041D420,
PM_Weapon_Tick_MeleeCharge,0x00420D70,,0x00420D70,
PM_Weapon_Tick_MeleeFire,0x00420CE0,,0x00420CE0,
PM_Weapon_Tick_MeleeInit,0x00420E10,,0x00420E10,
PM_Weapon_Tick_Offhand_Stub,0x00421630,,0x00421670,
PM_Weapon_Tick_OffhandHold,0x004214E0,,0x00421520,
PM_Weapon_Tick_OffhandInit_Stub,0x00421300,,0x00421340,
PM_Weapon_Tick_OffhandPrepare,0x004213D0,,0x00421410,
PM_Weapon_Tick_OffhandStart,0x00421410,,0x00421450,
PM_Weapon_Tick_SprintRaise,0x00421D80,,0x00421DC0,
PM_Weapon_Tick_SwimIn,0x00421C40,,0x00421C80,
PM_Weapon_Tick_SwimOut,0x00421CD0,,0x00421D10,
PM_Weapon_TickDrop,0x0041F010,,0x0041F010,
PM_Weapon_TickIdleMachine,0x00421F20,,0x00421F60,
PM_Weapon_TickOffhandMachine,0x004217D0,,0x00421810,
PM_Weapon_TickPickup,0x00420260,,0x00420260,
PM_Weapon_TickRecoil,0x0041F8D0,,0x0041F8D0,
PM_Weapon_TickSprintMachine,0x00421EA0,,0x00421EE0,
PM_Weapon_TickValidation,0x0041E0B0,,0x0041E0B0,
prepend_node,0x0068BBB0,,0x0068B8B0,
ptib_capacity_patch,0x0070EDEA,,0x0070E8BA,
ptib_createSize_patch,0x0070EE7D,,0x0070E94D,
R_AddCmdDrawStretchPic,0x006F58E0,,0x006F53B0,
R_BeginRegistration,0x006B1500,,0x006B11D0,
R_ClearScene,0x006B1440,,0x006B1110,
R_CopyPresentConsts,0x006D69D0,,0x006D66B0,
R_CreateDynamicBuffers_callsite,0x006D594D,,0x006D562D,
R_CreateSunOcclusion,0x0072BFA0,,0x00723520,
R_EnumImagePool,0x006E9C80,,0x006E9750,
r_fullscreen,0x042B6F88,,0x042B6F88,
r_gamma,0x042B6FB4,,0x042B6FB4,
R_Init,0x006D6AD0,,0x006D67B0,
R_InitDeviceAndWindow,0x006D6880,,0x006D6560,
R_InitImageSys,0x00724AC0,,0x00725B00,
R_InitRTPool,0x0070E8F0,,0x0070E3C0,
R_InitShaderSys,0x00725170,,0x007261B0,
R_LoadFont_MP,0x006E8D80,,0x006E8850,
R_LoadFont_SP,0x006E8CE0,,0x006E87B0,
r_lodBiasRigid_flags_site,0x00707D0D,,0x007077DD,
r_lodBiasSkinned_flags_site,0x00707D74,,0x00707844,
R_RegisterDvars,0x00707A20,,0x007074F0,
R_ResetToDefault,0x0072D000,,0x00724580,
R_TextWidth,0x006E8DA0,,0x006E8870,
rand,0x007AA7A8,,0x007AA7A8,
RemoveArrayVariable,-1,,,
RemoveNextVariable,0x006906A0,,0x006903A0,
RemoveObjectVariable,-1,,,
RemoveOpcodePos,0x0068AB80,,0x0068A880,
RemoveRefToEmptyObject,-1,,,
RemoveRefToObject,0x00690040,,0x0068FD40,
RemoveRefToValue,0x0067EB70,,0x0067E870,
RemoveRefToValueInternal,0x006901C0,,0x0068FEC0,
RemoveRefToVector,0x00690130,,0x0068FE30,
RemoveVariable,0x00690650,,0x00690350,
RemoveVariableValue,-1,,,
RuntimeError,0x0068B790,,0x0068B490,
RuntimeErrorInternal,0x0068B6D0,,0x0068B3D0,
SafeRemoveArrayVariable,-1,,,
SafeRemoveVariable,0x00690710,,0x00690410,
scoreboard_intermission_resume,0x006680DD,,0x00667DDD,
Scr_AddAnim,0x0069A6D0,,0x0069A3D0,
Scr_AddArray,0x0069AA50,,0x0069A750,
Scr_AddArrayKeys,0x00692DE0,,0x00692AE0,
Scr_AddArrayStringIndexed,0x0069AAF0,,0x0069A7F0,
Scr_AddBreakBlock,0x006856A0,,0x00685360,
Scr_AddClassField,0x00692350,,0x00692050,
Scr_AddConstString,0x0069A8D0,,0x0069A5D0,
Scr_AddContinueBlock,0x00685700,,0x006853C0,
Scr_AddExecThread,0x00699730,,0x00699430,
Scr_AddFields_FastFile,0x00693830,,0x00693530,
Scr_AddFields_LoadObj,0x006936B0,,0x006933B0,
Scr_AddFieldsForFile,0x00693390,,0x00693090,
Scr_AddFloat,0x0069A670,,0x0069A370,
Scr_AddInt,0x0069A610,,0x0069A310,
Scr_AddIString,0x0069A860,,0x0069A560,
Scr_AddLocalVars,0x00697B60,,0x00697860,
Scr_AddObject,0x0069A770,,0x0069A470,
Scr_AddSourceBuffer,0x0068B040,,0x0068AD40,
Scr_AddSourceBufferInternal,0x0068AD50,,0x0068AA50,
Scr_AddString,0x0069A7E0,,0x0069A4E0,
Scr_AddUndefined,0x0069A720,,0x0069A420,
Scr_AddVector,0x0069A940,,0x0069A640,
Scr_AllocArray,0x0068FF60,,0x0068FC60,
Scr_AllocVector,0x00690100,,0x0068FE00,
Scr_AllocVector_,-1,,,
Scr_AnimTreeParse,0x0067DDA0,,0x0067DAA0,
Scr_AppendChildBlocks,0x0067FAA0,,0x0067F7A0,
Scr_BeginDevScript,0x00682B30,,0x00682830,
Scr_BeginLoadAnimTrees,0x00689880,,0x00689580,
Scr_BeginLoadScripts,0x00689660,,0x00689360,
Scr_CalcLocalVarsArrayVariableRef,0x00684950,,0x00684610,
Scr_CalcLocalVarsDeveloperStatementList,0x00688530,,0x00688230,
Scr_CalcLocalVarsFormalParameterListInternal,0x006867B0,,0x006864B0,
Scr_CalcLocalVarsForStatement,0x00686330,,0x00685FF0,
Scr_CalcLocalVarsIfElseStatement,0x00685590,,0x00685250,
Scr_CalcLocalVarsIfStatement,0x00685170,,0x00684E30,
Scr_CalcLocalVarsStatement,0x00688210,,0x00687F10,
Scr_CalcLocalVarsStatementList,0x006884F0,,0x006881F0,
Scr_CalcLocalVarsSwitchStatement,0x006873D0,,0x006870D0,
Scr_CalcLocalVarsThread,0x00688990,,0x00688690,
Scr_CalcLocalVarsVariableExpressionRef,0x00684500,,0x00686350,
Scr_CalcLocalVarsWhileStatement,0x00685C30,,0x006858F0,
Scr_CancelNotifyList,0x00698DE0,,0x00698AE0,
Scr_CancelWaittill,0x00698310,,0x00698010,
Scr_CastBool,0x00690E00,,0x00690B00,
Scr_CastDebugString,0x00690F30,,0x00690C30,
Scr_CastString,0x00690E80,,0x00690B80,
Scr_CastVector,0x00691040,,0x00690D40,
Scr_CastWeakerPair,0x00691270,,0x00690F70,
Scr_CastWeakerStringPair,0x00691370,,0x00691070,
Scr_CheckAnimsDefined,0x0067E260,,0x0067DF60,
Scr_ClearErrorMessage,-1,,,
Scr_ClearOutParams,0x00693DA0,,0x00693AA0,
Scr_ClearThread,-1,,,
Scr_ClearVector,0x00691000,,0x00690D00,
Scr_ClearWaitTime,-1,,,
Scr_CompileRemoveRefToString,0x0067EB90,,0x0067E890,
scr_const,0x01F33B90,,0x01F33B90,
Scr_CopyFormattedLine,0x0068B0E0,,0x0068ADE0,
Scr_CreateAnimationTree,0x0067DFB0,,0x0067DCB0,
Scr_CreateCanonicalFilename,0x0068EB00,,0x0068E800,
Scr_CreateVector,0x006836F0,,0x006833F0,
Scr_DebugTerminateThread,-1,,,
Scr_DumpScriptThreads,0x0068EBA0,,0x0068E8A0,
Scr_EmitAnimationInternal,0x0067D6B0,,0x0067D3B0,
Scr_EndDevScript,0x00682BA0,,0x006828A0,
Scr_EndLoadAnimTrees,0x00689DC0,,0x00689AC0,
Scr_EndLoadScripts,0x00689C80,,0x00689980,
Scr_Error,0x0069AB70,,0x0069A870,
Scr_ErrorInternal,0x00693CF0,,0x006939F0,
Scr_EvalAnd,0x00691540,,0x00691240,
Scr_EvalArray,0x00692680,,0x00692380,
Scr_EvalArrayRef,0x00692850,,0x00692550,
Scr_EvalArrayRefInternal,-1,,,
Scr_EvalBinaryOperator,0x00691F50,,0x00691C50,
Scr_EvalBoolComplement,0x00690DB0,,0x00690AB0,
Scr_EvalBoolNot,-1,,,
Scr_EvalDivide,0x00691D40,,0x00691A40,
Scr_EvalEquality,0x00691570,,0x00691270,
Scr_EvalExOr,0x00691510,,0x00691210,
Scr_EvalFieldObject,0x00691110,,0x00690E10,
Scr_EvalGreater,0x006917F0,,0x006914F0,
Scr_EvalGreaterEqual,0x006917D0,,0x006914D0,
Scr_EvalInequality,-1,,,
Scr_EvalLess,0x00691760,,0x00691460,
Scr_EvalLessEqual,0x00691860,,0x00691560,
Scr_EvalMinus,0x00691B00,,0x00691800,
Scr_EvalMod,0x00691F00,,0x00691C00,
Scr_EvalMultiply,0x00691C20,,0x00691920,
Scr_EvalOr,0x006914E0,,0x006911E0,
Scr_EvalPlus,0x006918E0,,0x006915E0,
Scr_EvalShiftLeft,0x00691880,,0x00691580,
Scr_EvalShiftRight,0x006918B0,,0x006915B0,
Scr_EvalSizeValue,0x00690C10,,0x00690910,
Scr_EvalVariable,0x00690A10,,0x00690710,
Scr_EvalVariableEntityField,0x00690AB0,,0x006907B0,
Scr_EvalVariableField,0x00690BB0,,0x006908B0,
Scr_EvalVariableObject,0x00690A50,,0x00690750,
Scr_ExecEntThreadNum,0x00699640,,0x00699340,
Scr_ExecThread,0x00699560,,0x00699260,
Scr_FindAnim,0x0067EB10,,0x0067E810,
Scr_FindAnimTree,0x0067EA70,,0x0067E770,
Scr_FindArrayIndex,0x006925B0,,0x006922B0,
Scr_FindField,0x00693250,,0x00692F50,
Scr_FindLocalVarIndex,0x0067F500,,0x0067F200,
Scr_FindVariableField,0x006903B0,,0x006900B0,
Scr_FreeEntityList,0x00692160,,0x00691E60,
Scr_FreeEntityNum,0x00692090,,0x00691D90,
Scr_FreeGameVariable,0x00693A10,,0x00693710,
Scr_FreeObjects,0x006921E0,,0x00691EE0,
Scr_FreeScripts,0x00689E50,,0x00689B50,
Scr_GetAnim,0x00699CE0,,0x006999E0,
Scr_GetAnimsIndex,0x0067DF90,,0x0067DC90,
Scr_GetAnimTree,0x00699DD0,,0x00699AD0,
Scr_GetAnimTreeSize,0x0067DE20,,0x0067DB20,
Scr_GetArrayIndexValue,-1,,,
Scr_GetConstIString,0x0069A1A0,,0x00699EA0,
Scr_GetConstLowercaseString,0x00699FB0,,0x00699CB0,
Scr_GetConstString,0x00699F30,,0x00699C30,
Scr_GetConstStringIncludeNull,0x0069A100,,0x00699E00,
Scr_GetDebugString,0x0069A130,,0x00699E30,
Scr_GetEndonUsage,0x00692FC0,,0x00692CC0,
Scr_GetEntityId,0x00692520,,0x00692220,
Scr_GetEntityIdRef,0x00692EC0,,0x00692BC0,
Scr_GetEntityRef,0x0069A330,,0x0069A030,
Scr_GetEntryUsage,-1,,,
Scr_GetEntryUsageInternal,-1,,,
Scr_GetFloat,0x00699E90,,0x00699B90,
Scr_GetFunc,0x0069A2C0,,0x00699FC0,
Scr_GetFunction,0x0052F0B0,,0x0052F190,
Scr_GetFunction_callsite,0x00682DAF,,0x00682AAF,
Scr_GetFunctionHandle,0x006894B0,,0x006891B0,
Scr_GetInt,0x00699C50,,0x00699950,
Scr_GetLineInfo,0x0068B140,,0x0068AE40,
Scr_GetLineNumInternal,0x0068AC90,,0x0068A990,
Scr_GetLocalVar,-1,,,
Scr_GetMethod,0x00530630,,0x00530710,
Scr_GetMethod_callsite,0x00683043,,0x00682D43,
Scr_GetNewSourceBuffer,0x0068ACC0,,0x0068A9C0,
Scr_GetNumParam,-1,,,
Scr_GetObject,0x0069A460,,0x0069A160,
Scr_GetObjectField,0x00546D30,,0x00546DF0,
Scr_GetObjectUsage,0x00693030,,0x00692D30,
Scr_GetOffset,0x00692440,,0x00692140,
Scr_GetPointerType,0x0069A580,,0x0069A280,
Scr_GetPrevSourcePos,-1,,,
Scr_GetPrevSourcePosOpcodeLookup,0x0068AC40,,0x0068A940,
Scr_GetSelf,-1,,,
Scr_GetSourceBuffer,0x0068B270,,0x0068AF70,
Scr_GetSourceFile_FastFile,0x00693350,,0x00693050,
Scr_GetSourceFile_LoadObj,0x006932C0,,0x00692FC0,
Scr_GetStackThreadPos,-1,,,
Scr_GetString,0x0069A0D0,,0x00699DD0,
Scr_GetTextSourcePos,0x0068B2B0,,0x0068AFB0,
Scr_GetThreadNotifyName,-1,,,
Scr_GetThreadUsage,0x00693130,,0x00692E30,
Scr_GetThreadWaitTime,-1,,,
Scr_GetType,0x0069A4E0,,0x0069A1E0,
Scr_GetTypeName,0x0069A530,,0x0069A230,
Scr_GetVariableFieldIndex,0x006902F0,,0x0068FFF0,
Scr_GetVector,0x0069A220,,0x00699F20,
Scr_IncTime,0x0069ADE0,,0x0069AAE0,
Scr_Init,0x00693C20,,0x00693920,
Scr_InitAllocNode,0x0068B870,,0x0068B570,
Scr_InitClassMap,0x0068F030,,0x0068ED30,
Scr_InitFromChildBlocks,0x0067FA00,,0x0067F700,
Scr_InitOpcodeLookup,0x0068A840,,0x0068A540,
Scr_InitSystem,0x00699860,,0x00699560,
Scr_InitVariableRange,0x0068EF90,,0x0068EC90,
Scr_IsIdentifier,0x00689470,,0x00689170,
Scr_IsInOpcodeMemory,-1,,,
Scr_IsStackClear,-1,,,
Scr_IsSystemActive,0x00699C30,,0x00699930,
Scr_KillEndonThread,-1,,,
Scr_KillThread,0x0068FB10,,0x0068F810,
Scr_LoadAnimTreeAtIndex,0x0067E7D0,,0x0067E4D0,
Scr_LoadAnimTreeInternal,0x0067E710,,0x0067E410,
Scr_LoadScript,0x00689C60,,0x00689960,
Scr_LoadScriptInternal,0x00689980,,0x00689680,
Scr_MakeArray,0x0069A9D0,,0x0069A6D0,
Scr_MakeValuePrimitive,0x006938B0,,0x006935B0,
Scr_MergeChildBlocks,0x0067FB80,,0x0067F880,
Scr_NotifyNum_Internal,0x00698CC0,,0x006989C0,
Scr_ObjectError,0x0069AC30,,0x0069A930,
Scr_ParamError,0x0069AC00,,0x0069A900,
Scr_PrecacheAnimationTree,0x0067E360,,0x0067E060,
Scr_PrecacheAnimTrees,0x00689D60,,0x00689A60,
Scr_PrintPrevCodePos,0x0068B340,,0x0068B040,
Scr_PrintSourcePos,0x0068B190,,0x0068AE90,
Scr_PushValue,0x00680120,,0x0067FE20,
Scr_ReadCodePos,-1,,,
Scr_ReadData,-1,,,
Scr_ReadFile,0x0068AFA0,,0x0068ACA0,
Scr_ReadFile_FastFile,0x0068AE30,,0x0068AB30,
Scr_ReadFile_LoadObj,0x0068AED0,,0x0068ABD0,
Scr_ReadFloat,-1,,,
Scr_ReadUnsignedByte,-1,,,
Scr_ReadUnsignedInt,-1,,,
Scr_ReadUnsignedShort,-1,,,
Scr_ReadVector,-1,,,
Scr_RegisterLocalVar,0x00680D10,,0x00680A10,
Scr_RemoveClassMap,0x006922E0,,0x00691FE0,
Scr_RemoveThreadNotifyName,-1,,,
Scr_ResetTimeout,0x0069AE60,,0x0069AB60,
Scr_RunCurrentThreads,0x0069AE30,,0x0069AB30,
Scr_ScanFile,0x00689900,,0x00689600,
Scr_SetAnimTreeConfigstring,0x0067E670,,0x0067E370,
Scr_SetClassMap,0x00692260,,0x00691F60,
Scr_SetErrorMessage,-1,,,
Scr_SetLoadedImpureScript,-1,,,
Scr_SetObjectField,0x005469C0,,0x00546A80,
Scr_SetString,0x0068E6E0,,0x0068E3E0,
Scr_SetStringFromCharString,0x0068E720,,0x0068E420,
Scr_SetStructField,0x0069AD50,,0x0069AA50,
Scr_SetThreadNotifyName,-1,,,
Scr_SetThreadWaitTime,-1,,,
Scr_Shutdown,0x00693C90,,0x00693990,
Scr_ShutdownAllocNode,-1,,,
Scr_ShutdownOpcodeLookup,0x0068A950,,0x0068A650,
Scr_ShutdownSystem,0x00699930,,0x00699630,
Scr_ShutdownVariables,-1,,,
Scr_SLHasLowercaseString,0x00693A70,,0x00693770,
Scr_StopThread,0x0068FA30,,0x0068F730,
Scr_TerminalError,0x0069ABD0,,0x0069A8D0,
Scr_TerminateRunningThread,0x00698150,,0x00697E50,
Scr_TerminateThread,0x00698610,,0x00698310,
Scr_TerminateWaitThread,0x00698200,,0x00697F00,
Scr_TerminateWaittillThread,0x00698400,,0x00698100,
Scr_TransferBlock,0x0067FC60,,0x0067F960,
Scr_UnmatchingTypesError,0x006911B0,,0x00690EB0,
SCR_UpdateFrame_callsite,0x004793E0,,0x00479330,
Scr_UsingTree,0x0067E5F0,,0x0067E2F0,
Scr_UsingTreeInternal,0x0067E420,,0x0067E120,
Scr_VM_Init,0x00693B20,,0x00693820,
ScriptCompile,0x00688E70,,0x00688B70,
ScriptEnt_GetMethod,0x00567680,,0x005676F0,
ScriptParse,0x0069D710,,0x0069D410,
ScriptVehicle_GetMethod,0x004F3920,,0x004F39A0,
ScrPlace_SetupFloatViewport_call_644CCB,0x00644CCB,,0x006449FB,
ScrPlace_SetupFloatViewport_call_644CEE,0x00644CEE,,0x00644A1E,
ScrPlace_SetupFloatViewport_call_644D11,0x00644D11,,0x00644A41,
Session_Init,0x005ACB10,,0x005ACCD0,
set_352B4D8_flag,0x00438875,,0x00438875,
SetBranding,0x0059AFA0,,0x0059B010,
SetEmptyArray,0x00692D70,,0x00692A70,
SetEntityFieldValue,0x0069AC50,,0x0069A950,
SetNewVariableValue,-1,,,
SetVariableEntityFieldValue,0x00690910,,0x00690610,
SetVariableFieldValue,-1,,,
SetVariableValue,0x006908D0,,0x006905D0,
shortVersion_call_site,0x005B5A20,0x00592B11,0x005B5BE0,
ShowExternalConsole_callsite,0x0059D0F3,,0x0059D193,
skin_hardLimit_patch,0x0071DD95,,0x0071DCC5,
skin_softLimit_flt,0x008AF24C,,0x008AF20C,
skin_softLimit_patch,0x0071DD7C,,0x0071DCAC,
SL_AddRefToString,-1,,,
SL_AddUser,-1,,,
SL_AddUserInternal,0x0068DDE0,,0x0068DAE0,
SL_BeginLoadScripts,-1,,,
SL_CheckExists,-1,,,
SL_ConvertFromRefString,-1,,,
SL_ConvertFromString,-1,,,
SL_ConvertToLowercase,0x0068E450,,0x0068E150,
SL_ConvertToString,0x0068D950,,0x0068D650,
SL_ConvertToStringSafe,-1,,,
SL_CreateCanonicalFilename,0x0068EA80,,0x0068E780,
SL_FindLowercaseString,0x0068DD50,,0x0068DA50,
SL_FindString,0x0068DD20,,0x0068DA20,
SL_FindStringOfSize,0x0068DA90,,0x0068D790,
SL_FreeString,0x0068E570,,0x0068E270,
SL_GetCanonicalString,0x006895F0,,0x006892F0,
SL_GetLowercaseString,0x0068E420,,0x0068E120,
SL_GetLowercaseStringOfLen,0x0068E390,,0x0068E090,
SL_GetRefStringLen,-1,,,
SL_GetString_,0x0068E330,,0x0068E030,
SL_GetString__0,0x0068E360,,0x0068E060,
SL_GetStringForFloat,0x0068E7A0,,0x0068E4A0,
SL_GetStringForInt,0x0068E800,,0x0068E500,
SL_GetStringForVector,0x0068E850,,0x0068E550,
SL_GetStringLen,0x0068D970,,0x0068D670,
SL_GetStringOfSize,0x0068DE50,,0x0068DB50,
SL_Init,0x0068D9F0,,0x0068D6F0,
SL_RemoveRefToString,0x0068E680,,0x0068E380,
SL_RemoveRefToStringOfSize,-1,,,
SL_ShutdownSystem,0x0068E8D0,,0x0068E5D0,
SL_TransferRefToUser,0x0068E530,,0x0068E230,
SL_TransferSystem,0x0068E9D0,,0x0068E6D0,
SL_TransferToCanonicalString,0x006895A0,,0x006892A0,
Snd_EnumSoundCurvePool,0x0070FCC0,,0x0070F790,
Snd_EnumSoundPool,0x006E9C50,,0x006E9720,
Snd_Init,0x00479DB0,,0x00479D00,
SpecifyThread,0x006887C0,,0x006884C0,
stop_cg_drawfps_3,0x00439C89,,0x00439C89,
str_cg_fov_user_desc,0x00890514,,0x00890544,
str_cg_fovscale_user_desc,0x00890540,,0x00890570,
StringValue,0x0069BFF0,,0x0069BCF0,
strTable_base_54A20C,0x0054A20C,,0x0054A2CC,
strTable_bound_54A2F3,0x0054A2F3,,0x0054A3B3,
strTable_bound_54A330,0x0054A330,,0x0054A3F0,
sv_clientside,0x03882B6C,,0x03882B6C,
SV_FastRestart,0x0062BEB0,,0x0062BBE0,
sv_running,0x01F552DC,,0x01F552DC,
SV_SightTraceCapsule,0x005AC430,,0x005AC510,
Sys_AllocHunk,0x005E3CA0,,0x005E3E40,
Sys_BinaryPath,0x005F7F20,,0x005F7DA0,
Sys_CheckCrashOrRerun,0x005FF698,,0x005FF528,
Sys_CreateSplash,0x005FF743,,0x005FF5D3,
Sys_DequeueLoadEvent,0x005FEC60,,0x005FEAF0,
Sys_EnterRecursiveLock,0x0070E340,,0x0070DE10,
Sys_GetTimeDelta,0x00603D40,,0x00603BD0,
Sys_HasConfigureChecksumChanged,0x005FE685,,0x005FE515,
Sys_InitModeList_fs,0x005F6910,,0x005F6790,
Sys_InitModeList_wd,0x005F6960,,0x005F67E0,
Sys_LeaveRecursiveLock,0x0070E3A0,,0x0070DE70,
Sys_MemCpy,0x007AFFC0,,0x007AFFC0,
Sys_Milliseconds,0x0059A6F0,,0x0059A760,
Sys_ShowConsole,0x006057F0,,0x00605680,
Sys_SpawnDBThread,0x005A31F0,,0x005A3290,
Sys_SpawnRenderThread,0x005A3110,,0x005A31B0,
Sys_SyncDatabase,0x006F6CE0,,0x006F67B0,
Sys_WakeDatabase,0x006F6D60,,0x006F6830,
tempSkin_allocSize_patch,0x006F52A7,,0x006F4D77,
tesla_bug_resume,0x004F5F44,,0x004F5FE4,
tesla_notetrack_strnicmp_nop,0x00465441,,0x004655E1,
TEST_bullet_wh_3,0x008E4580,,0x008E4580,
text_end,0x00800000,,0x00800000,
text_start,0x00401000,,0x00401000,
ThreadInfoCompare,0x0068EB50,,0x0068E850,
ui_hud_hardcore_flags_site,0x005D0C2C,,0x005D0E4C,
UI_Init,0x00632B10,,0x00632840,
UI_KeyEvent,0x005D6A90,,0x005D6C60,
UI_LoadCinematic,0x0071EFC0,,0x0071EEF0,
UI_Register,0x0047A1C0,,0x0047A110,
value,0x03BD471C,,0x03BD471C,
var_typename,0x008CF4B0,,0x008CF4B0,
vb_capacity_patch,0x0070EC1A,,0x0070E6EA,
vb_createSize_patch,0x0070EC42,,0x0070E712,
vb_errorSize_patch,0x0070ED2C,,0x0070E7FC,
vb_skinLoopSize_patch,0x0070EC77,,0x0070E747,
version_banner,0x00871EE8,,0x00871ED0,
versionInfo_call_site,0x0059D393,0x005658ED,0x0059D433,
vidConfig_aspectRatioScenePixel,0x04DA90D4,,0x04DA90D4,
viewmodelAnim_treeExtend_site,0x00464AE0,,0x00464C80,
viewmodelAnimChooser_callsite,0x00469B15,,0x00469B95,
viewmodelAnimSlotCapacity_imm_site,0x00464A5A,,0x00464BFA,
viewmodelAnimSlotOffsetTable,0x008DD5B0,,0x008DD5B0,
viewmodelAnimSlotOffsetTable_ref_site,0x0046409A,,0x0046423A,
viewmodelAnimTreeHandles,0x03463C40,,0x03463C40,
VM_ArchiveStack,0x00697A00,,0x00697700,
VM_CancelNotify,0x00697950,,0x00697650,
VM_CancelNotifyInternal,0x006978C0,,0x006975C0,
VM_Execute,0x006992E0,,0x00698FE0,
VM_ExecuteInternal,0x00693E80,,0x00693B80,
VM_Notify,0x00698670,,0x00698370,
VM_Resume,0x006990E0,,0x00698DE0,
VM_SetTime,0x006997E0,,0x006994E0,
VM_Shutdown,-1,,,
VM_TerminateStack,0x00697D80,,0x00697A80,
VM_TerminateTime,0x00698FE0,,0x00698CE0,
VM_TrimStack,0x00697F20,,0x00697C20,
VM_UnarchiveStack,0x00697BB0,,0x006978B0,
WeaponDefFfScratch_accum_site,0x004867E9,,0x00486739,
WeaponDefFfScratch_field_site,0x004867D7,,0x00486727,
WeaponDefFfScratch_memset_site,0x004867B3,,0x00486703,
weaponDefParseFieldTable,0x008DDF48,,0x008DDF48,
WeaponDefPoolInit_imul_site,0x00490061,,0x00490021,
WeaponDefPoolInit_lea_site,0x00490055,,0x00490015,
WeaponDefPoolInit_negOfs_site,0x00490068,,0x00490028,
WeaponDefSizeGetter_stride_site,0x0047AF01,,0x0047AE51,
WeaponEvent_ApplyToPS,0x00406E70,,0x00406E70,
windowedWindowStyle_hook_site,0x006D6543,,0x006D6223,
XAnimInit,0x0060C5C0,,0x0060C450,
xaudio,0x0089DA98,,0x0089DA68,
yaccResult,0x03BE6258,,0x03BE6258,
yy_accept,0x00830A28,,0x00830A38,
yy_base,0x00831120,,0x00831130,
yy_c_buf_p,0x046E54D0,,0x046E54D0,
yy_chk,0x00831930,,0x00831940,
yy_create_buffer,0x0069D620,,0x0069D320,
yy_current_buffer,0x046E54CC,,0x046E54CC,
yy_def,0x00831338,,0x00831348,
yy_did_buffer_switch_on_eof,0x03BE6268,,0x03BE6268,
yy_ec,0x00830C30,,0x00830C40,
yy_fatal_error,-1,,,
yy_flex_realloc,-1,,,
yy_flush_buffer,0x0069D690,,0x0069D390,
yy_get_next_buffer,0x0069D300,,0x0069D000,
yy_get_previous_state,0x0069D450,,0x0069D150,
yy_hold_char,0x022C1353,,0x022C1353,
yy_init,0x008CF4A0,,0x008CF4A0,
yy_init_buffer,-1,,,
yy_last_accepting_cpos,0x03BE2230,,0x03BE2230,
yy_last_accepting_state,0x03BE626C,,0x03BE626C,
yy_load_buffer_state,-1,,,
yy_meta,0x00831030,,0x00831040,
yy_n_chars,0x03BE6250,,0x03BE6250,
yy_nxt,0x00831550,,0x00831560,
yy_start,0x046E54D4,,0x046E54D4,
yy_try_NUL_trans,0x0069D520,,0x0069D220,
yychar,0x03BE6260,,0x03BE6260,
yycheck,0x0082FFA0,,0x0082FFB0,
yydefact,0x0082F088,,0x0082F098,
yydefgoto,0x0082F1DE,,0x0082F1EE,
yyin,0x046E54D8,,0x046E54D8,
yyleng,0x03BE6248,,0x03BE6248,
yylex,0x0069C0D0,,0x0069BDD0,
yylval,0x03BE6240,,0x03BE6240,
yynerrs,0x03BE6264,,0x03BE6264,
yyout,0x046E54DC,,0x046E54DC,
yypact,0x0082F2D0,,0x0082F2E0,
yyparse,0x0069AEC0,,0x0069ABC0,
yypgoto,0x0082F426,,0x0082F436,
yyr1,0x0082EE68,,0x0082EE78,
yyr2,0x0082EF78,,0x0082EF88,
yyrestart,0x0069D5C0,,0x0069D2C0,
yytable,0x0082F518,,0x0082F528,
yytext,0x03BE2234,,0x03BE2234,
yytranslate,0x0082ED08,,0x0082ED18,
